{
  "camera_type": "area_scan_division",
  "focus": 0.0103431,
  "kappa": -2205.03,
  "sx": 3.74983e-06,
  "sy": 3.75e-06,
  "cx": 376.046,
  "cy": 423.07,
  "image_width": 600,
  "image_height": 800
}