{
    "min": 0.2154865264892578,
    "max": 0.45682191848754883,
    "p99": 0.4234588050842284,
    "p99.9": 0.453485607147217,
    "resolution": 448
}